payload_bucket,mode,payload_count,rounds_used,average_payload_bytes,mean_encryption_time_ns,mean_decryption_time_ns,encryption_throughput_mib_s,decryption_throughput_mib_s,timing_sample_count,speedup_vs_aes10,time_reduction_percent_vs_aes10,decryption_speedup_vs_aes10,decryption_time_reduction_percent_vs_aes10,avalanche_percent,key_avalanche_percent,entropy_bits_per_byte,chi_square,plaintext_ciphertext_correlation,npcr_byte_percent,uaci_byte_percent
1-128,standard_aes_10,6631,10,55.7550897300558,1543983.5283018867,2708480.3018867923,0.03601140233221171,0.0205284904576393,53,1.0,0.0,1.0,0.0,49.99234184135123,50.0367591615141,3.941541296560626,255.13859146433418,0.0011614045238868057,99.60790227718293,33.48570366164864
1-128,fixed_reduced_aes_4,6631,4,55.7550897300558,601331.4905660377,989662.9811320754,0.0924631636697579,0.05618176398634718,53,2.567607970852356,61.05324444572295,2.7367703486176294,63.46058044274302,50.01319559644096,49.99481601568391,3.939592175127966,255.65495400392098,-0.0015886525238459589,99.60884481978586,33.49083035415946
1-128,adaptaes,6631,4,55.7550897300558,600530.0943396227,991785.679245283,0.09258655403960911,0.056061519333791554,53,2.5710343958694355,61.10514890012452,2.730912896370775,63.38220814992152,50.01319559644096,49.99481601568391,3.939592175127966,255.65495400392098,-0.0015886525238459589,99.60884481978586,33.49083035415946
129-512,standard_aes_10,2862,10,265.6589797344514,6190618.458333333,11048190.375,0.04153614687962243,0.023273896342597657,24,1.0,0.0,1.0,0.0,50.08352987421384,49.93475934661076,3.94242209283177,254.8930817610063,-0.002706941742822519,99.62220475192173,33.51899809539469
129-512,fixed_reduced_aes_4,2862,4,265.6589797344514,2424990.2083333335,4023191.5,0.10603524776199429,0.06391304951828297,24,2.552842661821744,60.82798149078306,2.7461258990530277,63.5850635855829,50.07752445842068,50.0586892907058,3.94170679567283,255.08315863032846,-0.002723274737539063,99.63749126484976,33.377188925884816
129-512,adaptaes,2862,6,265.6589797344514,3687230.2916666665,6381766.083333333,0.06973647351025848,0.04029204991273016,24,1.6789345846730688,40.438417962857955,1.7312120548970817,42.23700111310461,49.91619715234102,49.989354035639415,3.941548577807312,255.11670160726766,-0.003493155836447587,99.58508036338225,33.673704457324504
513-1024,standard_aes_10,1314,10,689.9733637747337,15716537.684210526,28200848.263157893,0.04193923280279086,0.02337303923063381,19,1.0,0.0,1.0,0.0,50.063617770167426,50.051726598173516,3.945049266908526,254.17351598173516,-0.0007496305997521417,99.595700152207,33.22091279434148
513-1024,fixed_reduced_aes_4,1314,4,689.9733637747337,6200949.578947368,10209483.52631579,0.10629654771420217,0.06456149628851979,19,2.534537248548062,60.54506594555431,2.7622208499056655,63.79724669610862,50.06480688736682,49.90368150684932,3.9448823255555805,254.24657534246575,-0.0017364780430265943,99.62423896499239,33.352060763422564
513-1024,adaptaes,1314,8,689.9733637747337,12506606.94736842,22046816.36842105,0.05270330598585204,0.029897265971519815,19,1.25665880045247,20.42390506954297,1.2791347191312221,21.82215172150187,50.22652682648402,49.92330194063927,3.941005338540535,255.26940639269407,0.0005530162902457487,99.61948249619482,33.21578326916764
>1024,standard_aes_10,19193,10,2843.69223154275,68492652.51960784,121926149.2009804,0.04267123160787302,0.023970787712520106,204,1.0,0.0,1.0,0.0,50.008303808680246,50.00871085812536,3.9421687847609097,254.97879435210754,0.0006498010452806094,99.62095555671338,33.50360067957783
>1024,fixed_reduced_aes_4,19193,4,2843.69223154275,27062921.50490196,44901584.2254902,0.1079952080773085,0.06509048376610696,204,2.5308669098124397,60.487847222511235,2.715408627648467,63.17313019418385,49.99617373521596,50.02043388214453,3.941363529548999,255.19220549158547,0.0031746211608944153,99.61672224248424,33.50494282535605
>1024,adaptaes,19193,10,2843.69223154275,68704147.43627451,122363140.27941176,0.04253987492985963,0.02388518170118839,204,0.9969216572134478,-0.308784824191366,0.9964287359948959,-0.3584063642582791,50.008303808680246,50.00871085812536,3.9421687847609097,254.97879435210754,0.0006498010452806094,99.62095555671338,33.50360067957783
