rounds,byte_value,count,sample_count
4,0,2295,36631
4,1,2285,36631
4,2,2310,36631
4,3,2351,36631
4,4,2327,36631
4,5,2323,36631
4,6,2393,36631
4,7,2337,36631
4,8,2168,36631
4,9,2270,36631
4,10,2286,36631
4,11,2377,36631
4,12,2332,36631
4,13,2225,36631
4,14,2253,36631
4,15,2332,36631
4,16,2270,36631
4,17,2246,36631
4,18,2211,36631
4,19,2220,36631
4,20,2314,36631
4,21,2229,36631
4,22,2261,36631
4,23,2349,36631
4,24,2304,36631
4,25,2228,36631
4,26,2291,36631
4,27,2354,36631
4,28,2361,36631
4,29,2239,36631
4,30,2283,36631
4,31,2279,36631
4,32,2351,36631
4,33,2309,36631
4,34,2297,36631
4,35,2301,36631
4,36,2194,36631
4,37,2288,36631
4,38,2367,36631
4,39,2289,36631
4,40,2198,36631
4,41,2303,36631
4,42,2257,36631
4,43,2172,36631
4,44,2243,36631
4,45,2399,36631
4,46,2337,36631
4,47,2309,36631
4,48,2273,36631
4,49,2148,36631
4,50,2208,36631
4,51,2287,36631
4,52,2383,36631
4,53,2176,36631
4,54,2368,36631
4,55,2226,36631
4,56,2414,36631
4,57,2302,36631
4,58,2307,36631
4,59,2357,36631
4,60,2252,36631
4,61,2240,36631
4,62,2201,36631
4,63,2239,36631
4,64,2363,36631
4,65,2264,36631
4,66,2260,36631
4,67,2312,36631
4,68,2264,36631
4,69,2256,36631
4,70,2403,36631
4,71,2302,36631
4,72,2335,36631
4,73,2214,36631
4,74,2310,36631
4,75,2290,36631
4,76,2363,36631
4,77,2409,36631
4,78,2245,36631
4,79,2272,36631
4,80,2257,36631
4,81,2283,36631
4,82,2377,36631
4,83,2330,36631
4,84,2301,36631
4,85,2293,36631
4,86,2322,36631
4,87,2251,36631
4,88,2311,36631
4,89,2290,36631
4,90,2158,36631
4,91,2319,36631
4,92,2374,36631
4,93,2205,36631
4,94,2302,36631
4,95,2305,36631
4,96,2254,36631
4,97,2446,36631
4,98,2367,36631
4,99,2375,36631
4,100,2197,36631
4,101,2299,36631
4,102,2333,36631
4,103,2325,36631
4,104,2314,36631
4,105,2295,36631
4,106,2319,36631
4,107,2251,36631
4,108,2265,36631
4,109,2232,36631
4,110,2265,36631
4,111,2312,36631
4,112,2316,36631
4,113,2291,36631
4,114,2262,36631
4,115,2272,36631
4,116,2378,36631
4,117,2250,36631
4,118,2293,36631
4,119,2361,36631
4,120,2279,36631
4,121,2306,36631
4,122,2239,36631
4,123,2337,36631
4,124,2341,36631
4,125,2260,36631
4,126,2358,36631
4,127,2210,36631
4,128,2317,36631
4,129,2287,36631
4,130,2246,36631
4,131,2222,36631
4,132,2257,36631
4,133,2229,36631
4,134,2299,36631
4,135,2327,36631
4,136,2355,36631
4,137,2255,36631
4,138,2256,36631
4,139,2386,36631
4,140,2404,36631
4,141,2142,36631
4,142,2368,36631
4,143,2249,36631
4,144,2203,36631
4,145,2278,36631
4,146,2273,36631
4,147,2261,36631
4,148,2288,36631
4,149,2252,36631
4,150,2196,36631
4,151,2235,36631
4,152,2331,36631
4,153,2282,36631
4,154,2295,36631
4,155,2315,36631
4,156,2336,36631
4,157,2291,36631
4,158,2322,36631
4,159,2205,36631
4,160,2264,36631
4,161,2221,36631
4,162,2299,36631
4,163,2189,36631
4,164,2378,36631
4,165,2328,36631
4,166,2267,36631
4,167,2305,36631
4,168,2267,36631
4,169,2409,36631
4,170,2407,36631
4,171,2285,36631
4,172,2281,36631
4,173,2268,36631
4,174,2447,36631
4,175,2310,36631
4,176,2291,36631
4,177,2291,36631
4,178,2301,36631
4,179,2258,36631
4,180,2373,36631
4,181,2382,36631
4,182,2159,36631
4,183,2142,36631
4,184,2276,36631
4,185,2272,36631
4,186,2140,36631
4,187,2282,36631
4,188,2252,36631
4,189,2335,36631
4,190,2336,36631
4,191,2242,36631
4,192,2369,36631
4,193,2295,36631
4,194,2159,36631
4,195,2282,36631
4,196,2350,36631
4,197,2304,36631
4,198,2270,36631
4,199,2265,36631
4,200,2334,36631
4,201,2372,36631
4,202,2266,36631
4,203,2238,36631
4,204,2344,36631
4,205,2230,36631
4,206,2279,36631
4,207,2238,36631
4,208,2410,36631
4,209,2354,36631
4,210,2200,36631
4,211,2345,36631
4,212,2261,36631
4,213,2347,36631
4,214,2296,36631
4,215,2255,36631
4,216,2237,36631
4,217,2339,36631
4,218,2203,36631
4,219,2216,36631
4,220,2288,36631
4,221,2281,36631
4,222,2366,36631
4,223,2294,36631
4,224,2285,36631
4,225,2169,36631
4,226,2347,36631
4,227,2250,36631
4,228,2281,36631
4,229,2276,36631
4,230,2298,36631
4,231,2217,36631
4,232,2268,36631
4,233,2313,36631
4,234,2350,36631
4,235,2343,36631
4,236,2264,36631
4,237,2213,36631
4,238,2309,36631
4,239,2260,36631
4,240,2318,36631
4,241,2257,36631
4,242,2295,36631
4,243,2368,36631
4,244,2272,36631
4,245,2328,36631
4,246,2308,36631
4,247,2277,36631
4,248,2240,36631
4,249,2348,36631
4,250,2242,36631
4,251,2311,36631
4,252,2313,36631
4,253,2215,36631
4,254,2302,36631
4,255,2313,36631
6,0,177,2862
6,1,189,2862
6,2,174,2862
6,3,163,2862
6,4,170,2862
6,5,211,2862
6,6,182,2862
6,7,187,2862
6,8,169,2862
6,9,185,2862
6,10,181,2862
6,11,188,2862
6,12,185,2862
6,13,161,2862
6,14,190,2862
6,15,168,2862
6,16,173,2862
6,17,174,2862
6,18,203,2862
6,19,178,2862
6,20,185,2862
6,21,177,2862
6,22,184,2862
6,23,178,2862
6,24,176,2862
6,25,174,2862
6,26,175,2862
6,27,179,2862
6,28,164,2862
6,29,174,2862
6,30,193,2862
6,31,177,2862
6,32,161,2862
6,33,186,2862
6,34,210,2862
6,35,179,2862
6,36,176,2862
6,37,178,2862
6,38,187,2862
6,39,167,2862
6,40,169,2862
6,41,198,2862
6,42,180,2862
6,43,201,2862
6,44,173,2862
6,45,169,2862
6,46,193,2862
6,47,195,2862
6,48,179,2862
6,49,192,2862
6,50,159,2862
6,51,179,2862
6,52,161,2862
6,53,167,2862
6,54,167,2862
6,55,185,2862
6,56,172,2862
6,57,157,2862
6,58,188,2862
6,59,169,2862
6,60,161,2862
6,61,182,2862
6,62,192,2862
6,63,191,2862
6,64,177,2862
6,65,189,2862
6,66,170,2862
6,67,198,2862
6,68,195,2862
6,69,161,2862
6,70,178,2862
6,71,166,2862
6,72,212,2862
6,73,179,2862
6,74,170,2862
6,75,175,2862
6,76,174,2862
6,77,182,2862
6,78,175,2862
6,79,174,2862
6,80,170,2862
6,81,189,2862
6,82,193,2862
6,83,182,2862
6,84,185,2862
6,85,186,2862
6,86,172,2862
6,87,147,2862
6,88,177,2862
6,89,193,2862
6,90,193,2862
6,91,190,2862
6,92,189,2862
6,93,182,2862
6,94,171,2862
6,95,173,2862
6,96,182,2862
6,97,173,2862
6,98,161,2862
6,99,180,2862
6,100,184,2862
6,101,160,2862
6,102,171,2862
6,103,174,2862
6,104,181,2862
6,105,182,2862
6,106,156,2862
6,107,182,2862
6,108,179,2862
6,109,175,2862
6,110,182,2862
6,111,192,2862
6,112,152,2862
6,113,194,2862
6,114,145,2862
6,115,176,2862
6,116,176,2862
6,117,195,2862
6,118,157,2862
6,119,157,2862
6,120,174,2862
6,121,177,2862
6,122,188,2862
6,123,196,2862
6,124,177,2862
6,125,204,2862
6,126,174,2862
6,127,196,2862
6,128,187,2862
6,129,207,2862
6,130,175,2862
6,131,171,2862
6,132,186,2862
6,133,160,2862
6,134,154,2862
6,135,205,2862
6,136,187,2862
6,137,183,2862
6,138,183,2862
6,139,189,2862
6,140,191,2862
6,141,205,2862
6,142,169,2862
6,143,153,2862
6,144,173,2862
6,145,181,2862
6,146,175,2862
6,147,179,2862
6,148,185,2862
6,149,190,2862
6,150,193,2862
6,151,161,2862
6,152,180,2862
6,153,200,2862
6,154,167,2862
6,155,156,2862
6,156,167,2862
6,157,193,2862
6,158,161,2862
6,159,152,2862
6,160,184,2862
6,161,186,2862
6,162,189,2862
6,163,165,2862
6,164,177,2862
6,165,165,2862
6,166,188,2862
6,167,192,2862
6,168,202,2862
6,169,176,2862
6,170,171,2862
6,171,178,2862
6,172,179,2862
6,173,190,2862
6,174,180,2862
6,175,169,2862
6,176,181,2862
6,177,176,2862
6,178,179,2862
6,179,187,2862
6,180,178,2862
6,181,173,2862
6,182,161,2862
6,183,196,2862
6,184,179,2862
6,185,164,2862
6,186,195,2862
6,187,167,2862
6,188,184,2862
6,189,156,2862
6,190,180,2862
6,191,145,2862
6,192,194,2862
6,193,178,2862
6,194,174,2862
6,195,187,2862
6,196,196,2862
6,197,194,2862
6,198,198,2862
6,199,169,2862
6,200,192,2862
6,201,174,2862
6,202,181,2862
6,203,174,2862
6,204,205,2862
6,205,190,2862
6,206,169,2862
6,207,211,2862
6,208,184,2862
6,209,179,2862
6,210,169,2862
6,211,184,2862
6,212,178,2862
6,213,196,2862
6,214,188,2862
6,215,194,2862
6,216,200,2862
6,217,183,2862
6,218,172,2862
6,219,174,2862
6,220,166,2862
6,221,162,2862
6,222,159,2862
6,223,160,2862
6,224,158,2862
6,225,167,2862
6,226,183,2862
6,227,175,2862
6,228,166,2862
6,229,197,2862
6,230,174,2862
6,231,202,2862
6,232,153,2862
6,233,170,2862
6,234,157,2862
6,235,179,2862
6,236,181,2862
6,237,181,2862
6,238,208,2862
6,239,175,2862
6,240,170,2862
6,241,178,2862
6,242,168,2862
6,243,179,2862
6,244,183,2862
6,245,154,2862
6,246,169,2862
6,247,198,2862
6,248,172,2862
6,249,194,2862
6,250,169,2862
6,251,186,2862
6,252,161,2862
6,253,187,2862
6,254,193,2862
6,255,175,2862
8,0,76,1314
8,1,89,1314
8,2,90,1314
8,3,90,1314
8,4,80,1314
8,5,76,1314
8,6,95,1314
8,7,73,1314
8,8,80,1314
8,9,91,1314
8,10,83,1314
8,11,96,1314
8,12,88,1314
8,13,81,1314
8,14,74,1314
8,15,85,1314
8,16,85,1314
8,17,71,1314
8,18,72,1314
8,19,83,1314
8,20,87,1314
8,21,81,1314
8,22,69,1314
8,23,86,1314
8,24,82,1314
8,25,78,1314
8,26,84,1314
8,27,75,1314
8,28,78,1314
8,29,72,1314
8,30,80,1314
8,31,74,1314
8,32,95,1314
8,33,83,1314
8,34,78,1314
8,35,92,1314
8,36,90,1314
8,37,71,1314
8,38,89,1314
8,39,62,1314
8,40,78,1314
8,41,90,1314
8,42,74,1314
8,43,90,1314
8,44,90,1314
8,45,85,1314
8,46,87,1314
8,47,90,1314
8,48,89,1314
8,49,71,1314
8,50,96,1314
8,51,72,1314
8,52,83,1314
8,53,86,1314
8,54,89,1314
8,55,78,1314
8,56,78,1314
8,57,84,1314
8,58,79,1314
8,59,68,1314
8,60,80,1314
8,61,89,1314
8,62,87,1314
8,63,97,1314
8,64,82,1314
8,65,87,1314
8,66,86,1314
8,67,88,1314
8,68,89,1314
8,69,88,1314
8,70,80,1314
8,71,66,1314
8,72,75,1314
8,73,72,1314
8,74,83,1314
8,75,84,1314
8,76,76,1314
8,77,76,1314
8,78,66,1314
8,79,75,1314
8,80,85,1314
8,81,82,1314
8,82,94,1314
8,83,83,1314
8,84,95,1314
8,85,115,1314
8,86,83,1314
8,87,78,1314
8,88,80,1314
8,89,88,1314
8,90,87,1314
8,91,82,1314
8,92,85,1314
8,93,81,1314
8,94,79,1314
8,95,88,1314
8,96,105,1314
8,97,99,1314
8,98,77,1314
8,99,97,1314
8,100,76,1314
8,101,86,1314
8,102,77,1314
8,103,97,1314
8,104,93,1314
8,105,92,1314
8,106,88,1314
8,107,95,1314
8,108,86,1314
8,109,87,1314
8,110,81,1314
8,111,80,1314
8,112,88,1314
8,113,85,1314
8,114,79,1314
8,115,80,1314
8,116,94,1314
8,117,73,1314
8,118,67,1314
8,119,83,1314
8,120,93,1314
8,121,75,1314
8,122,96,1314
8,123,97,1314
8,124,86,1314
8,125,87,1314
8,126,91,1314
8,127,74,1314
8,128,89,1314
8,129,88,1314
8,130,90,1314
8,131,62,1314
8,132,80,1314
8,133,73,1314
8,134,86,1314
8,135,75,1314
8,136,89,1314
8,137,71,1314
8,138,96,1314
8,139,83,1314
8,140,84,1314
8,141,56,1314
8,142,84,1314
8,143,73,1314
8,144,95,1314
8,145,83,1314
8,146,101,1314
8,147,72,1314
8,148,86,1314
8,149,92,1314
8,150,98,1314
8,151,79,1314
8,152,82,1314
8,153,88,1314
8,154,72,1314
8,155,74,1314
8,156,78,1314
8,157,94,1314
8,158,70,1314
8,159,86,1314
8,160,69,1314
8,161,87,1314
8,162,87,1314
8,163,79,1314
8,164,66,1314
8,165,81,1314
8,166,73,1314
8,167,76,1314
8,168,79,1314
8,169,86,1314
8,170,77,1314
8,171,87,1314
8,172,71,1314
8,173,78,1314
8,174,80,1314
8,175,71,1314
8,176,101,1314
8,177,70,1314
8,178,81,1314
8,179,90,1314
8,180,78,1314
8,181,66,1314
8,182,84,1314
8,183,82,1314
8,184,73,1314
8,185,81,1314
8,186,84,1314
8,187,77,1314
8,188,81,1314
8,189,84,1314
8,190,82,1314
8,191,100,1314
8,192,88,1314
8,193,54,1314
8,194,81,1314
8,195,69,1314
8,196,74,1314
8,197,81,1314
8,198,79,1314
8,199,87,1314
8,200,88,1314
8,201,76,1314
8,202,73,1314
8,203,73,1314
8,204,81,1314
8,205,87,1314
8,206,80,1314
8,207,78,1314
8,208,79,1314
8,209,71,1314
8,210,75,1314
8,211,96,1314
8,212,82,1314
8,213,87,1314
8,214,80,1314
8,215,74,1314
8,216,84,1314
8,217,83,1314
8,218,81,1314
8,219,64,1314
8,220,69,1314
8,221,73,1314
8,222,81,1314
8,223,68,1314
8,224,86,1314
8,225,84,1314
8,226,92,1314
8,227,70,1314
8,228,89,1314
8,229,95,1314
8,230,93,1314
8,231,90,1314
8,232,87,1314
8,233,72,1314
8,234,83,1314
8,235,88,1314
8,236,71,1314
8,237,86,1314
8,238,53,1314
8,239,86,1314
8,240,86,1314
8,241,84,1314
8,242,85,1314
8,243,86,1314
8,244,74,1314
8,245,77,1314
8,246,77,1314
8,247,89,1314
8,248,76,1314
8,249,79,1314
8,250,79,1314
8,251,80,1314
8,252,84,1314
8,253,90,1314
8,254,84,1314
8,255,87,1314
10,0,2955,49193
10,1,3098,49193
10,2,3095,49193
10,3,2991,49193
10,4,3018,49193
10,5,3073,49193
10,6,3109,49193
10,7,3124,49193
10,8,3088,49193
10,9,3102,49193
10,10,3094,49193
10,11,3073,49193
10,12,3048,49193
10,13,3040,49193
10,14,2940,49193
10,15,2927,49193
10,16,3088,49193
10,17,3061,49193
10,18,3013,49193
10,19,3139,49193
10,20,3208,49193
10,21,3110,49193
10,22,2999,49193
10,23,3120,49193
10,24,3103,49193
10,25,3233,49193
10,26,3038,49193
10,27,3264,49193
10,28,3072,49193
10,29,3016,49193
10,30,2984,49193
10,31,3204,49193
10,32,3219,49193
10,33,3090,49193
10,34,3025,49193
10,35,3016,49193
10,36,3171,49193
10,37,3166,49193
10,38,3050,49193
10,39,3090,49193
10,40,3066,49193
10,41,3225,49193
10,42,3108,49193
10,43,3106,49193
10,44,3074,49193
10,45,3167,49193
10,46,3091,49193
10,47,3060,49193
10,48,3198,49193
10,49,3066,49193
10,50,3044,49193
10,51,3098,49193
10,52,3116,49193
10,53,3048,49193
10,54,3026,49193
10,55,3039,49193
10,56,3136,49193
10,57,3166,49193
10,58,2969,49193
10,59,3077,49193
10,60,3125,49193
10,61,3180,49193
10,62,3038,49193
10,63,2979,49193
10,64,3119,49193
10,65,3070,49193
10,66,3038,49193
10,67,2975,49193
10,68,3172,49193
10,69,3021,49193
10,70,3078,49193
10,71,3037,49193
10,72,3198,49193
10,73,3196,49193
10,74,3071,49193
10,75,2907,49193
10,76,3052,49193
10,77,3147,49193
10,78,3124,49193
10,79,3160,49193
10,80,3043,49193
10,81,3016,49193
10,82,3144,49193
10,83,3037,49193
10,84,3111,49193
10,85,3019,49193
10,86,3042,49193
10,87,3157,49193
10,88,2968,49193
10,89,3096,49193
10,90,3048,49193
10,91,3015,49193
10,92,3149,49193
10,93,2888,49193
10,94,3060,49193
10,95,3012,49193
10,96,3121,49193
10,97,3088,49193
10,98,3015,49193
10,99,3099,49193
10,100,3098,49193
10,101,3168,49193
10,102,3009,49193
10,103,3083,49193
10,104,3110,49193
10,105,3002,49193
10,106,3133,49193
10,107,3161,49193
10,108,2991,49193
10,109,3057,49193
10,110,2966,49193
10,111,2981,49193
10,112,3089,49193
10,113,3084,49193
10,114,3043,49193
10,115,3127,49193
10,116,3092,49193
10,117,3181,49193
10,118,3056,49193
10,119,3051,49193
10,120,3110,49193
10,121,2920,49193
10,122,2985,49193
10,123,2962,49193
10,124,3047,49193
10,125,3036,49193
10,126,3001,49193
10,127,3096,49193
10,128,3124,49193
10,129,3006,49193
10,130,3029,49193
10,131,3040,49193
10,132,3111,49193
10,133,3076,49193
10,134,3084,49193
10,135,3015,49193
10,136,3061,49193
10,137,3174,49193
10,138,3062,49193
10,139,3036,49193
10,140,3025,49193
10,141,3046,49193
10,142,3191,49193
10,143,2939,49193
10,144,3053,49193
10,145,3120,49193
10,146,3158,49193
10,147,2983,49193
10,148,3133,49193
10,149,3076,49193
10,150,3137,49193
10,151,3011,49193
10,152,3052,49193
10,153,2994,49193
10,154,3144,49193
10,155,2938,49193
10,156,3093,49193
10,157,3103,49193
10,158,3138,49193
10,159,3218,49193
10,160,3054,49193
10,161,3119,49193
10,162,3052,49193
10,163,3136,49193
10,164,3097,49193
10,165,3082,49193
10,166,3141,49193
10,167,3017,49193
10,168,3158,49193
10,169,3133,49193
10,170,3089,49193
10,171,3124,49193
10,172,2983,49193
10,173,3103,49193
10,174,3016,49193
10,175,2939,49193
10,176,2942,49193
10,177,3096,49193
10,178,3065,49193
10,179,2980,49193
10,180,3146,49193
10,181,2953,49193
10,182,2963,49193
10,183,2993,49193
10,184,3061,49193
10,185,3084,49193
10,186,2952,49193
10,187,3154,49193
10,188,2942,49193
10,189,2991,49193
10,190,3048,49193
10,191,3069,49193
10,192,3181,49193
10,193,3014,49193
10,194,3140,49193
10,195,3064,49193
10,196,2962,49193
10,197,2951,49193
10,198,3046,49193
10,199,2999,49193
10,200,3118,49193
10,201,3104,49193
10,202,3115,49193
10,203,3129,49193
10,204,3109,49193
10,205,3196,49193
10,206,3080,49193
10,207,3146,49193
10,208,3157,49193
10,209,2989,49193
10,210,3061,49193
10,211,3070,49193
10,212,3020,49193
10,213,3076,49193
10,214,3041,49193
10,215,3145,49193
10,216,3043,49193
10,217,3127,49193
10,218,3135,49193
10,219,3138,49193
10,220,3100,49193
10,221,3116,49193
10,222,3122,49193
10,223,3195,49193
10,224,3147,49193
10,225,3110,49193
10,226,3212,49193
10,227,2970,49193
10,228,3102,49193
10,229,3064,49193
10,230,3200,49193
10,231,3042,49193
10,232,3043,49193
10,233,3084,49193
10,234,3013,49193
10,235,3196,49193
10,236,3047,49193
10,237,3005,49193
10,238,3153,49193
10,239,2974,49193
10,240,3169,49193
10,241,3020,49193
10,242,3103,49193
10,243,3108,49193
10,244,3153,49193
10,245,3198,49193
10,246,2993,49193
10,247,3030,49193
10,248,2990,49193
10,249,3039,49193
10,250,3136,49193
10,251,3090,49193
10,252,3021,49193
10,253,3084,49193
10,254,3023,49193
10,255,3040,49193
