dataset_name,payload_id,payload_length,payload_bucket,mode,rounds_used,ciphertext_length,plaintext_avalanche_ratio,plaintext_avalanche_percent,key_avalanche_ratio,key_avalanche_percent,ciphertext_entropy,byte_frequency_min,byte_frequency_max,byte_frequency_stddev,chi_square,correlation_coefficient
Saturday_2021-04-10_1628_anonymized,1,2896,>1024,standard_aes_10,10,2912,0.453125,45.3125,0.4765625,47.65625,7.928651010265781,3,23,3.553167600887974,284.13186813186815,-0.030772608720499466
Saturday_2021-04-10_1628_anonymized,1,2896,>1024,fixed_reduced_aes_4,4,2912,0.5546875,55.46875,0.4765625,47.65625,7.9198523296137715,2,23,3.7144144895259066,310.5054945054945,0.03589784513489829
Saturday_2021-04-10_1628_anonymized,1,2896,>1024,adaptaes,10,2912,0.453125,45.3125,0.4765625,47.65625,7.928651010265781,3,23,3.553167600887974,284.13186813186815,-0.030772608720499466
Saturday_2021-04-10_1628_anonymized,2,93,1-128,standard_aes_10,10,96,0.5546875,55.46875,0.5546875,55.46875,6.207205599611881,0,3,0.625,266.6666666666667,0.033164061819143206
Saturday_2021-04-10_1628_anonymized,2,93,1-128,fixed_reduced_aes_4,4,96,0.46875,46.875,0.4921875,49.21875,6.207205599611881,0,3,0.625,266.6666666666667,-0.17756165414520553
Saturday_2021-04-10_1628_anonymized,2,93,1-128,adaptaes,4,96,0.46875,46.875,0.4921875,49.21875,6.207205599611881,0,3,0.625,266.6666666666667,-0.17756165414520553
Saturday_2021-04-10_1628_anonymized,3,1420,>1024,standard_aes_10,10,1424,0.46875,46.875,0.53125,53.125,7.8784463813885965,1,12,2.262983373778959,235.68539325842696,0.01978240813538139
Saturday_2021-04-10_1628_anonymized,3,1420,>1024,fixed_reduced_aes_4,4,1424,0.53125,53.125,0.4921875,49.21875,7.868554323356851,1,13,2.3692364276281084,258.3370786516854,-0.009555256032588968
Saturday_2021-04-10_1628_anonymized,3,1420,>1024,adaptaes,10,1424,0.46875,46.875,0.53125,53.125,7.8784463813885965,1,12,2.262983373778959,235.68539325842696,0.01978240813538139
Saturday_2021-04-10_1628_anonymized,4,2920,>1024,standard_aes_10,10,2928,0.53125,53.125,0.4921875,49.21875,7.937015570423617,3,23,3.3546842250799105,251.89071038251367,0.016845926357300922
Saturday_2021-04-10_1628_anonymized,4,2920,>1024,fixed_reduced_aes_4,4,2928,0.4765625,47.65625,0.5390625,53.90625,7.939584332776776,4,20,3.2876425824593523,241.92349726775956,0.03029383894482148
Saturday_2021-04-10_1628_anonymized,4,2920,>1024,adaptaes,10,2928,0.53125,53.125,0.4921875,49.21875,7.937015570423617,3,23,3.3546842250799105,251.89071038251367,0.016845926357300922
Saturday_2021-04-10_1628_anonymized,5,2856,>1024,standard_aes_10,10,2864,0.484375,48.4375,0.546875,54.6875,7.939782465481337,4,24,3.21556274235164,236.60335195530726,-0.00492068176098082
Saturday_2021-04-10_1628_anonymized,5,2856,>1024,fixed_reduced_aes_4,4,2864,0.5,50.0,0.5234375,52.34375,7.931122529132277,3,21,3.435226520915324,270.0335195530726,-0.01277137335663898
Saturday_2021-04-10_1628_anonymized,5,2856,>1024,adaptaes,10,2864,0.484375,48.4375,0.546875,54.6875,7.939782465481337,4,24,3.21556274235164,236.60335195530726,-0.00492068176098082
Saturday_2021-04-10_1628_anonymized,6,2920,>1024,standard_aes_10,10,2928,0.453125,45.3125,0.40625,40.625,7.941791162425877,3,21,3.209483019116942,230.55737704918033,-0.011360805088612874
Saturday_2021-04-10_1628_anonymized,6,2920,>1024,fixed_reduced_aes_4,4,2928,0.4921875,49.21875,0.5390625,53.90625,7.931503943066923,3,24,3.470298077975435,269.551912568306,0.005523556714486504
Saturday_2021-04-10_1628_anonymized,6,2920,>1024,adaptaes,10,2928,0.453125,45.3125,0.40625,40.625,7.941791162425877,3,21,3.209483019116942,230.55737704918033,-0.011360805088612874
Saturday_2021-04-10_1628_anonymized,7,291,129-512,standard_aes_10,10,304,0.5625,56.25,0.578125,57.8125,7.296789512076962,0,5,1.095088466745952,258.5263157894737,0.027573251320764096
Saturday_2021-04-10_1628_anonymized,7,291,129-512,fixed_reduced_aes_4,4,304,0.5078125,50.78125,0.5234375,52.34375,7.321194156448979,0,6,1.0661701318269987,245.05263157894737,0.015447505145525654
Saturday_2021-04-10_1628_anonymized,7,291,129-512,adaptaes,6,304,0.5078125,50.78125,0.4609375,46.09375,7.322349615357715,0,5,1.0625,243.3684210526316,0.12904116773337118
Saturday_2021-04-10_1628_anonymized,8,2920,>1024,standard_aes_10,10,2928,0.546875,54.6875,0.53125,53.125,7.929465053428466,3,23,3.5250221630508936,278.120218579235,0.027348005060962088
Saturday_2021-04-10_1628_anonymized,8,2920,>1024,fixed_reduced_aes_4,4,2928,0.4453125,44.53125,0.4921875,49.21875,7.942765689227731,3,19,3.140586131600278,220.76502732240436,-0.04088701060045261
Saturday_2021-04-10_1628_anonymized,8,2920,>1024,adaptaes,10,2928,0.546875,54.6875,0.53125,53.125,7.929465053428466,3,23,3.5250221630508936,278.120218579235,0.027348005060962088
Saturday_2021-04-10_1628_anonymized,9,1302,>1024,standard_aes_10,10,1312,0.4921875,49.21875,0.515625,51.5625,7.840795473683491,0,12,2.3601509485624006,278.2439024390244,-0.04803307494565569
Saturday_2021-04-10_1628_anonymized,9,1302,>1024,fixed_reduced_aes_4,4,1312,0.4921875,49.21875,0.484375,48.4375,7.866556169280758,1,13,2.174065891365761,236.09756097560975,-0.012706410426114936
Saturday_2021-04-10_1628_anonymized,9,1302,>1024,adaptaes,10,1312,0.4921875,49.21875,0.515625,51.5625,7.840795473683491,0,12,2.3601509485624006,278.2439024390244,-0.04803307494565569
Saturday_2021-04-10_1628_anonymized,10,2856,>1024,standard_aes_10,10,2864,0.515625,51.5625,0.484375,48.4375,7.9257177278799915,3,21,3.5504181091809452,288.44692737430165,0.005661278431870715
Saturday_2021-04-10_1628_anonymized,10,2856,>1024,fixed_reduced_aes_4,4,2864,0.578125,57.8125,0.5234375,52.34375,7.9386936692107595,4,25,3.2947638382743003,248.4022346368715,-0.009297843263563872
Saturday_2021-04-10_1628_anonymized,10,2856,>1024,adaptaes,10,2864,0.515625,51.5625,0.484375,48.4375,7.9257177278799915,3,21,3.5504181091809452,288.44692737430165,0.005661278431870715
