payload_bucket,mode,sample_count,mean_payload_length,mean_rounds_used,mean_plaintext_avalanche_percent,mean_key_avalanche_percent,mean_ciphertext_entropy,mean_byte_frequency_stddev,mean_chi_square,mean_correlation_coefficient
1-128,adaptaes,11,66.54545454545455,4.0,51.49147727272727,50.14204545454545,5.786056035339276,0.5227900287409614,255.2831168831169,0.020131718776613364
1-128,fixed_reduced_aes_4,11,66.54545454545455,4.0,51.49147727272727,50.14204545454545,5.786056035339276,0.5227900287409614,255.2831168831169,0.020131718776613364
1-128,standard_aes_10,11,66.54545454545455,10.0,50.71022727272727,50.78125,5.844049333833848,0.5094744665021799,240.99740259740258,0.04778984082778197
129-512,adaptaes,5,224.2,6.0,48.59375,48.4375,7.0345733443501,0.9165192181015076,246.1847953216374,-0.023958259704078506
129-512,fixed_reduced_aes_4,5,224.2,4.0,49.21875,52.1875,7.055294417409837,0.9117568417475928,241.78192728197305,-0.017728546890391047
129-512,standard_aes_10,5,224.2,10.0,52.8125,49.84375,7.020762248733762,0.9270982324990291,252.73946605644545,0.022090862811729475
513-1024,adaptaes,5,562.4,8.0,48.59375,51.40625,7.6348344592447175,1.4786541085585205,250.88532800532798,0.013746630341870274
513-1024,fixed_reduced_aes_4,5,562.4,4.0,47.03125,47.8125,7.643711050943031,1.4758749461674292,249.34787878787878,-0.015579599863309174
513-1024,standard_aes_10,5,562.4,10.0,50.46875,48.28125,7.636652060439447,1.473865115524784,249.87300699300698,-0.0010156207482852936
>1024,adaptaes,39,2165.2820512820513,10.0,49.59935897435897,49.19871794871795,7.895694988922421,2.813142589213737,252.20179779628174,-0.001840057363380898
>1024,fixed_reduced_aes_4,39,2165.2820512820513,4.0,49.51923076923077,50.520833333333336,7.894836655860406,2.832413249965324,255.49966061431252,0.0014988355489685312
>1024,standard_aes_10,39,2165.2820512820513,10.0,49.59935897435897,49.19871794871795,7.895694988922421,2.813142589213737,252.20179779628174,-0.001840057363380898
