payload_bucket,mode,payload_count,mean_payload_length,mean_rounds_used,mean_encryption_time_ns,median_encryption_time_ns,mean_decryption_time_ns,median_decryption_time_ns,mean_throughput_mb_s
1-128,standard_aes_10,53,58.301886792452834,10.0,1543983.5283018867,1216198,2708480.3018867923,1987665,0.035163751862062755
1-128,fixed_reduced_aes_4,53,58.301886792452834,4.0,601331.4905660377,431810,989662.9811320754,714841,0.08992472659557996
1-128,adaptaes,53,58.301886792452834,4.0,600530.0943396227,442755,991785.679245283,835234,0.09001865942456203
129-512,standard_aes_10,24,269.625,10.0,6190618.458333333,6606448.5,11048190.375,11803423.0,0.041343206238543505
129-512,fixed_reduced_aes_4,24,269.625,4.0,2424990.2083333335,2594928.5,4023191.5,4281553.5,0.10550521448182563
129-512,adaptaes,24,269.625,6.0,3687230.2916666665,3911910.5,6381766.083333333,6780387.0,0.06942969829027619
513-1024,standard_aes_10,19,691.1578947368421,10.0,15716537.684210526,13966492,28200848.263157893,24834944,0.04191425834454798
513-1024,fixed_reduced_aes_4,19,691.1578947368421,4.0,6200949.578947368,5523688,10209483.52631579,9153818,0.10658612015757729
513-1024,adaptaes,19,691.1578947368421,8.0,12506606.94736842,11178703,22046816.36842105,19517665,0.05265313909572319
>1024,standard_aes_10,204,3064.6372549019607,10.0,68492652.51960784,62062784.5,121926149.2009804,110680357.5,0.04259929409894181
>1024,fixed_reduced_aes_4,204,3064.6372549019607,4.0,27062921.50490196,24298455.0,44901584.2254902,40681518.5,0.1081878736051482
>1024,adaptaes,204,3064.6372549019607,10.0,68704147.43627451,62050055.5,122363140.27941176,110627669.5,0.04251000341558
