dataset_name,payload_id,payload_length,payload_bucket,mode,rounds_used,encryption_time_ns,decryption_time_ns,throughput_mb_s
Monday_2021-03-29_anonymized,1,118,1-128,standard_aes_10,10,4149816,6426408,0.02711772505960204
Monday_2021-03-29_anonymized,1,118,1-128,fixed_reduced_aes_4,4,1351151,2135922,0.08328718946730417
Monday_2021-03-29_anonymized,1,118,1-128,adaptaes,4,1227068,2047743,0.09170931793179962
Monday_2021-03-29_anonymized,2,1448,>1024,standard_aes_10,10,35269357,67280542,0.03915354652357994
Monday_2021-03-29_anonymized,2,1448,>1024,fixed_reduced_aes_4,4,12854546,21277466,0.10742661857962545
Monday_2021-03-29_anonymized,2,1448,>1024,adaptaes,10,32632957,58272751,0.04231674163503633
Monday_2021-03-29_anonymized,3,1448,>1024,standard_aes_10,10,32496067,57956802,0.042495001322967796
Monday_2021-03-29_anonymized,3,1448,>1024,fixed_reduced_aes_4,4,13919711,21453110,0.09920611212088025
Monday_2021-03-29_anonymized,3,1448,>1024,adaptaes,10,32600751,58369975,0.042358545978166275
Monday_2021-03-29_anonymized,4,618,513-1024,standard_aes_10,10,13966492,24834944,0.0421989091848592
Monday_2021-03-29_anonymized,4,618,513-1024,fixed_reduced_aes_4,4,5523688,9153818,0.10669877218609425
Monday_2021-03-29_anonymized,4,618,513-1024,adaptaes,8,11178703,19517665,0.052722639427763895
Monday_2021-03-29_anonymized,5,1448,>1024,standard_aes_10,10,32622497,60084346,0.04233030997462426
Monday_2021-03-29_anonymized,5,1448,>1024,fixed_reduced_aes_4,4,16122624,25556564,0.08565109563779755
Monday_2021-03-29_anonymized,5,1448,>1024,adaptaes,10,33026319,58240530,0.04181272548588446
Monday_2021-03-29_anonymized,6,89,1-128,standard_aes_10,10,2192366,3842297,0.03871480134254785
Monday_2021-03-29_anonymized,6,89,1-128,fixed_reduced_aes_4,4,845806,1407558,0.10035045171133362
Monday_2021-03-29_anonymized,6,89,1-128,adaptaes,4,845631,1377344,0.10037121884149972
Monday_2021-03-29_anonymized,7,35,1-128,standard_aes_10,10,1079419,1881836,0.03092274739857159
Monday_2021-03-29_anonymized,7,35,1-128,fixed_reduced_aes_4,4,425616,699551,0.07842421589935235
Monday_2021-03-29_anonymized,7,35,1-128,adaptaes,4,418334,715735,0.07978935748521217
Monday_2021-03-29_anonymized,8,2920,>1024,standard_aes_10,10,66173474,118400566,0.04208225495167822
Monday_2021-03-29_anonymized,8,2920,>1024,fixed_reduced_aes_4,4,25751240,42598005,0.10813960818610094
Monday_2021-03-29_anonymized,8,2920,>1024,adaptaes,10,69211578,117139238,0.04023501680464864
Monday_2021-03-29_anonymized,9,64,1-128,standard_aes_10,10,1818929,3164424,0.03355554628575387
Monday_2021-03-29_anonymized,9,64,1-128,fixed_reduced_aes_4,4,707954,1169376,0.08621344924952751
Monday_2021-03-29_anonymized,9,64,1-128,adaptaes,4,711645,1170670,0.08576629674908136
Monday_2021-03-29_anonymized,10,517,513-1024,standard_aes_10,10,11780793,21000619,0.0418519892151599
Monday_2021-03-29_anonymized,10,517,513-1024,fixed_reduced_aes_4,4,4635640,7720021,0.10636063662882175
Monday_2021-03-29_anonymized,10,517,513-1024,adaptaes,8,9355499,16554152,0.052701584552788824
Monday_2021-03-29_anonymized,11,35,1-128,standard_aes_10,10,1216198,1931857,0.02744503861560268
Monday_2021-03-29_anonymized,11,35,1-128,fixed_reduced_aes_4,4,431810,706047,0.07729927763187223
Monday_2021-03-29_anonymized,11,35,1-128,adaptaes,4,425962,703425,0.07836051355336568
Monday_2021-03-29_anonymized,12,85,1-128,standard_aes_10,10,2153605,3829962,0.03764029006922405
Monday_2021-03-29_anonymized,12,85,1-128,fixed_reduced_aes_4,4,863416,1402679,0.09388558573680734
Monday_2021-03-29_anonymized,12,85,1-128,adaptaes,4,855411,1405197,0.09476417405730257
Monday_2021-03-29_anonymized,13,2920,>1024,standard_aes_10,10,65537397,116578754,0.04249068671290454
Monday_2021-03-29_anonymized,13,2920,>1024,fixed_reduced_aes_4,4,25769535,42813153,0.10806283481274498
Monday_2021-03-29_anonymized,13,2920,>1024,adaptaes,10,65269307,116487337,0.04266521481385194
Monday_2021-03-29_anonymized,14,1448,>1024,standard_aes_10,10,32864992,58055208,0.042017974936864426
Monday_2021-03-29_anonymized,14,1448,>1024,fixed_reduced_aes_4,4,12749327,21182290,0.10831320038745967
Monday_2021-03-29_anonymized,14,1448,>1024,adaptaes,10,32536583,57809414,0.042442084657637526
Monday_2021-03-29_anonymized,15,8688,>1024,standard_aes_10,10,194492368,346631460,0.042600758817114615
Monday_2021-03-29_anonymized,15,8688,>1024,fixed_reduced_aes_4,4,76724528,126663129,0.10799053023744246
Monday_2021-03-29_anonymized,15,8688,>1024,adaptaes,10,194611626,346798454,0.04257465307307745
Monday_2021-03-29_anonymized,16,5440,>1024,standard_aes_10,10,121532014,217288141,0.04268824411360451
Monday_2021-03-29_anonymized,16,5440,>1024,fixed_reduced_aes_4,4,48676893,79447444,0.10658010323810109
Monday_2021-03-29_anonymized,16,5440,>1024,adaptaes,10,122635181,218349166,0.04230424123767551
Monday_2021-03-29_anonymized,17,1448,>1024,standard_aes_10,10,32994045,57663467,0.04185362571204137
Monday_2021-03-29_anonymized,17,1448,>1024,fixed_reduced_aes_4,4,12829999,21194333,0.10763215259457541
Monday_2021-03-29_anonymized,17,1448,>1024,adaptaes,10,32816073,57985518,0.042080611234508465
Monday_2021-03-29_anonymized,18,517,513-1024,standard_aes_10,10,12089275,21224249,0.04078405211081982
Monday_2021-03-29_anonymized,18,517,513-1024,fixed_reduced_aes_4,4,4684581,7715414,0.10524946021469822
Monday_2021-03-29_anonymized,18,517,513-1024,adaptaes,8,9408310,16642468,0.05240575848181355
Monday_2021-03-29_anonymized,19,93,1-128,standard_aes_10,10,2180563,3835695,0.040673767016032675
Monday_2021-03-29_anonymized,19,93,1-128,fixed_reduced_aes_4,4,848033,1440261,0.10458521239831617
Monday_2021-03-29_anonymized,19,93,1-128,adaptaes,4,867831,1427320,0.10219928929224843
Monday_2021-03-29_anonymized,20,287,129-512,standard_aes_10,10,6485647,11527204,0.042201576621205834
Monday_2021-03-29_anonymized,20,287,129-512,fixed_reduced_aes_4,4,2556597,4186957,0.10705814362161646
Monday_2021-03-29_anonymized,20,287,129-512,adaptaes,6,3819686,6651309,0.07165629028370231
Monday_2021-03-29_anonymized,21,1867,>1024,standard_aes_10,10,41971119,74340021,0.042422265385168044
Monday_2021-03-29_anonymized,21,1867,>1024,fixed_reduced_aes_4,4,16587066,27716283,0.10734327268791652
Monday_2021-03-29_anonymized,21,1867,>1024,adaptaes,10,42168318,75423788,0.04222387880708139
Monday_2021-03-29_anonymized,22,8688,>1024,standard_aes_10,10,194536788,346073683,0.04259103147594634
Monday_2021-03-29_anonymized,22,8688,>1024,fixed_reduced_aes_4,4,77001557,127165883,0.1076020120078546
Monday_2021-03-29_anonymized,22,8688,>1024,adaptaes,10,194621615,346243856,0.042572467919030986
Monday_2021-03-29_anonymized,23,1448,>1024,standard_aes_10,10,32433846,57529719,0.04257652361536926
Monday_2021-03-29_anonymized,23,1448,>1024,fixed_reduced_aes_4,4,12770132,21301439,0.10813673736154411
Monday_2021-03-29_anonymized,23,1448,>1024,adaptaes,10,32501873,58298448,0.04248741019190648
Monday_2021-03-29_anonymized,24,2876,>1024,standard_aes_10,10,64164502,115166355,0.0427458680188054
Monday_2021-03-29_anonymized,24,2876,>1024,fixed_reduced_aes_4,4,25420119,41893708,0.1078975017380672
Monday_2021-03-29_anonymized,24,2876,>1024,adaptaes,10,64488037,115036131,0.04253141298105221
Monday_2021-03-29_anonymized,25,517,513-1024,standard_aes_10,10,11891928,21073910,0.04146086501549885
Monday_2021-03-29_anonymized,25,517,513-1024,fixed_reduced_aes_4,4,4633732,7702442,0.10640443201765473
Monday_2021-03-29_anonymized,25,517,513-1024,adaptaes,8,9502684,16574580,0.05188530120353694
Monday_2021-03-29_anonymized,26,12952,>1024,standard_aes_10,10,290068634,515453763,0.04258299001778231
Monday_2021-03-29_anonymized,26,12952,>1024,fixed_reduced_aes_4,4,113709602,189497284,0.10862749960283696
Monday_2021-03-29_anonymized,26,12952,>1024,adaptaes,10,289871198,516382986,0.04261199398670078
Monday_2021-03-29_anonymized,27,31,1-128,standard_aes_10,10,727989,1263042,0.040610371597089724
Monday_2021-03-29_anonymized,27,31,1-128,fixed_reduced_aes_4,4,281998,466812,0.1048372818551683
Monday_2021-03-29_anonymized,27,31,1-128,adaptaes,4,285615,473823,0.10350963292752043
Monday_2021-03-29_anonymized,28,5792,>1024,standard_aes_10,10,129200947,230771911,0.04275264050986406
Monday_2021-03-29_anonymized,28,5792,>1024,fixed_reduced_aes_4,4,50988831,84882215,0.1083312076839926
Monday_2021-03-29_anonymized,28,5792,>1024,adaptaes,10,129859231,231680467,0.04253591830237313
Monday_2021-03-29_anonymized,29,1,1-128,standard_aes_10,10,366939,638977,0.002598999605946084
Monday_2021-03-29_anonymized,29,1,1-128,fixed_reduced_aes_4,4,149355,236112,0.00638528550370761
Monday_2021-03-29_anonymized,29,1,1-128,adaptaes,4,150146,243826,0.006351646506775072
Monday_2021-03-29_anonymized,30,2896,>1024,standard_aes_10,10,64944526,115600531,0.042526152555374716
Monday_2021-03-29_anonymized,30,2896,>1024,fixed_reduced_aes_4,4,25780946,42291322,0.10712721016181874
Monday_2021-03-29_anonymized,30,2896,>1024,adaptaes,10,65452809,116134964,0.04219590973265181
Monday_2021-03-29_anonymized,31,117,1-128,standard_aes_10,10,2865143,5058834,0.0389439183382928
Monday_2021-03-29_anonymized,31,117,1-128,fixed_reduced_aes_4,4,1128884,1864293,0.09884088623767479
Monday_2021-03-29_anonymized,31,117,1-128,adaptaes,4,1137461,1887088,0.09809557867876899
Monday_2021-03-29_anonymized,32,736,513-1024,standard_aes_10,10,16817186,29823554,0.04173732138509974
Monday_2021-03-29_anonymized,32,736,513-1024,fixed_reduced_aes_4,4,6600076,11018097,0.10634791127783984
Monday_2021-03-29_anonymized,32,736,513-1024,adaptaes,8,13501289,23839011,0.05198794699343152
Monday_2021-03-29_anonymized,33,2920,>1024,standard_aes_10,10,65192514,116410054,0.042715471962106726
Monday_2021-03-29_anonymized,33,2920,>1024,fixed_reduced_aes_4,4,25943405,42507741,0.10733860894151134
Monday_2021-03-29_anonymized,33,2920,>1024,adaptaes,10,65348268,116298574,0.042613661985750714
Monday_2021-03-29_anonymized,34,92,1-128,standard_aes_10,10,2149832,3832259,0.04081157835094789
Monday_2021-03-29_anonymized,34,92,1-128,fixed_reduced_aes_4,4,844573,1392570,0.10388449205619289
Monday_2021-03-29_anonymized,34,92,1-128,adaptaes,4,847161,1424328,0.10356713435743028
Monday_2021-03-29_anonymized,35,1448,>1024,standard_aes_10,10,32461877,57888508,0.04253975856529337
Monday_2021-03-29_anonymized,35,1448,>1024,fixed_reduced_aes_4,4,13124907,21208691,0.10521372914537604
Monday_2021-03-29_anonymized,35,1448,>1024,adaptaes,10,32615387,58041130,0.042339537781852774
Monday_2021-03-29_anonymized,36,31,1-128,standard_aes_10,10,729984,1252699,0.04049938602571255
Monday_2021-03-29_anonymized,36,31,1-128,fixed_reduced_aes_4,4,285032,464079,0.10372134991367198
Monday_2021-03-29_anonymized,36,31,1-128,adaptaes,4,285389,463519,0.10359160236937566
Monday_2021-03-29_anonymized,37,16060,>1024,standard_aes_10,10,357634778,644399801,0.04282583927417813
Monday_2021-03-29_anonymized,37,16060,>1024,fixed_reduced_aes_4,4,141525367,234675666,0.10822094898001129
Monday_2021-03-29_anonymized,37,16060,>1024,adaptaes,10,358888108,640120823,0.04267628037840801
Monday_2021-03-29_anonymized,38,1438,>1024,standard_aes_10,10,32170375,57193297,0.0426287746721071
Monday_2021-03-29_anonymized,38,1438,>1024,fixed_reduced_aes_4,4,12655968,21008723,0.10835865474629736
Monday_2021-03-29_anonymized,38,1438,>1024,adaptaes,10,32109458,57272147,0.04270964857121498
Monday_2021-03-29_anonymized,39,2896,>1024,standard_aes_10,10,65003791,115764233,0.04248738077926101
Monday_2021-03-29_anonymized,39,2896,>1024,fixed_reduced_aes_4,4,25479749,42932706,0.10839356464274826
Monday_2021-03-29_anonymized,39,2896,>1024,adaptaes,10,64952280,115825207,0.042521075785368886
Monday_2021-03-29_anonymized,40,2920,>1024,standard_aes_10,10,65386890,116050863,0.04258849142245869
Monday_2021-03-29_anonymized,40,2920,>1024,fixed_reduced_aes_4,4,26232461,42476123,0.1061558427135849
Monday_2021-03-29_anonymized,40,2920,>1024,adaptaes,10,65703098,116497766,0.04238352663227919
Monday_2021-03-29_anonymized,41,47,1-128,standard_aes_10,10,1088890,1886405,0.0411636555309478
Monday_2021-03-29_anonymized,41,47,1-128,fixed_reduced_aes_4,4,417444,692696,0.10737414568443612
Monday_2021-03-29_anonymized,41,47,1-128,adaptaes,4,418591,692387,0.10707992496516587
Monday_2021-03-29_anonymized,42,2896,>1024,standard_aes_10,10,65259099,115935221,0.04232116076736671
Monday_2021-03-29_anonymized,42,2896,>1024,fixed_reduced_aes_4,4,25495382,42475868,0.10832710097509031
Monday_2021-03-29_anonymized,42,2896,>1024,adaptaes,10,65060587,116108636,0.04245029053169317
Monday_2021-03-29_anonymized,43,4344,>1024,standard_aes_10,10,96867421,172787679,0.042767332790544205
Monday_2021-03-29_anonymized,43,4344,>1024,fixed_reduced_aes_4,4,38192319,63334100,0.10847105750422617
Monday_2021-03-29_anonymized,43,4344,>1024,adaptaes,10,97257123,173053864,0.04259596729453687
Monday_2021-03-29_anonymized,44,8508,>1024,standard_aes_10,10,190409445,339058708,0.0426127027678925
Monday_2021-03-29_anonymized,44,8508,>1024,fixed_reduced_aes_4,4,74626744,124356122,0.10872591579212373
Monday_2021-03-29_anonymized,44,8508,>1024,adaptaes,10,190223402,338493169,0.04265437900213968
Monday_2021-03-29_anonymized,45,832,513-1024,standard_aes_10,10,19072866,33587250,0.04160135300326653
Monday_2021-03-29_anonymized,45,832,513-1024,fixed_reduced_aes_4,4,7443807,12401007,0.10659290753373912
Monday_2021-03-29_anonymized,45,832,513-1024,adaptaes,8,15089369,26642924,0.05258384437745541
Monday_2021-03-29_anonymized,46,1448,>1024,standard_aes_10,10,32532876,57765020,0.04244692077504153
Monday_2021-03-29_anonymized,46,1448,>1024,fixed_reduced_aes_4,4,12796018,21335381,0.10791797965243954
Monday_2021-03-29_anonymized,46,1448,>1024,adaptaes,10,32817996,57986058,0.04207814548323578
Monday_2021-03-29_anonymized,47,2896,>1024,standard_aes_10,10,65679758,115697348,0.0420501065231163
Monday_2021-03-29_anonymized,47,2896,>1024,fixed_reduced_aes_4,4,25462677,42391334,0.10846623944185052
Monday_2021-03-29_anonymized,47,2896,>1024,adaptaes,10,64896195,115645205,0.04255782361835698
Monday_2021-03-29_anonymized,48,2896,>1024,standard_aes_10,10,64918981,115939951,0.04254288619090463
Monday_2021-03-29_anonymized,48,2896,>1024,fixed_reduced_aes_4,4,25573784,42441884,0.10799500067383458
Monday_2021-03-29_anonymized,48,2896,>1024,adaptaes,10,65194251,115609540,0.042363257157636496
Monday_2021-03-29_anonymized,49,1418,>1024,standard_aes_10,10,31881364,56703236,0.042416948680867685
Monday_2021-03-29_anonymized,49,1418,>1024,fixed_reduced_aes_4,4,12534379,20693249,0.10788808768779551
Monday_2021-03-29_anonymized,49,1418,>1024,adaptaes,10,32150518,56727558,0.042061847360097354
Monday_2021-03-29_anonymized,50,2920,>1024,standard_aes_10,10,65746981,116349953,0.04235523763298348
Monday_2021-03-29_anonymized,50,2920,>1024,fixed_reduced_aes_4,4,25651594,42605587,0.10855968654058107
Monday_2021-03-29_anonymized,50,2920,>1024,adaptaes,10,65633529,116817731,0.04242845152980042
