dataset_name,payload_id,payload_length,mode,rounds_used,encryption_time_ns,decryption_time_ns,throughput_mb_s
Wednesday_2021-04-07_anonymized,1,1448,standard_aes_10,10,33319222,57408535,0.04144515769774726
Wednesday_2021-04-07_anonymized,1,1448,fixed_reduced_aes_4,4,12731388,21096349,0.10846581772201508
Wednesday_2021-04-07_anonymized,1,1448,adaptaes,10,33283872,57553014,0.04148917560301428
Wednesday_2021-04-07_anonymized,2,4243,standard_aes_10,10,95564591,168776485,0.042342462644053155
Wednesday_2021-04-07_anonymized,2,4243,fixed_reduced_aes_4,4,37610765,61894524,0.10758728583456675
Wednesday_2021-04-07_anonymized,2,4243,adaptaes,10,95297688,168726536,0.04246105240781622
Wednesday_2021-04-07_anonymized,3,1418,standard_aes_10,10,31692887,56947270,0.04266920147300126
Wednesday_2021-04-07_anonymized,3,1418,fixed_reduced_aes_4,4,12519103,20558977,0.10801973437426488
Wednesday_2021-04-07_anonymized,3,1418,adaptaes,10,31937249,55984840,0.04234272590804745
Wednesday_2021-04-07_anonymized,4,2856,standard_aes_10,10,63972979,113589643,0.04257569195982338
Wednesday_2021-04-07_anonymized,4,2856,fixed_reduced_aes_4,4,24936542,41300371,0.10922500191310608
Wednesday_2021-04-07_anonymized,4,2856,adaptaes,10,63848370,113665030,0.04265878436139012
Wednesday_2021-04-07_anonymized,5,5716,standard_aes_10,10,127504751,226022379,0.04275293547750331
Wednesday_2021-04-07_anonymized,5,5716,fixed_reduced_aes_4,4,49918176,84331490,0.10920275597766482
Wednesday_2021-04-07_anonymized,5,5716,adaptaes,10,127528270,226261890,0.04274505090187552
Wednesday_2021-04-07_anonymized,6,1448,standard_aes_10,10,32311291,58076367,0.042738014094090206
Wednesday_2021-04-07_anonymized,6,1448,fixed_reduced_aes_4,4,12836782,21158355,0.10757527939293898
Wednesday_2021-04-07_anonymized,6,1448,adaptaes,10,32343225,58348406,0.042695816825819
Wednesday_2021-04-07_anonymized,7,139,standard_aes_10,10,3213790,5765182,0.04124747727152949
Wednesday_2021-04-07_anonymized,7,139,fixed_reduced_aes_4,4,1271523,2074854,0.10425350542653868
Wednesday_2021-04-07_anonymized,7,139,adaptaes,6,1901867,3302861,0.06970031552178399
Wednesday_2021-04-07_anonymized,8,183,standard_aes_10,10,4306043,7672554,0.04052964633709969
Wednesday_2021-04-07_anonymized,8,183,fixed_reduced_aes_4,4,1684241,2784341,0.10362080005316564
Wednesday_2021-04-07_anonymized,8,183,adaptaes,6,2593188,4371973,0.0673003268187049
Wednesday_2021-04-07_anonymized,9,1418,standard_aes_10,10,31695690,56873316,0.04266542803340336
Wednesday_2021-04-07_anonymized,9,1418,fixed_reduced_aes_4,4,12379821,20610422,0.10923503503516428
Wednesday_2021-04-07_anonymized,9,1418,adaptaes,10,31707390,56203331,0.0426496845266691
Wednesday_2021-04-07_anonymized,10,111,standard_aes_10,10,2491035,4467577,0.04249552861404748
Wednesday_2021-04-07_anonymized,10,111,fixed_reduced_aes_4,4,983307,1618530,0.10765493291626495
Wednesday_2021-04-07_anonymized,10,111,adaptaes,4,977459,1616239,0.10829901726936245
Wednesday_2021-04-07_anonymized,11,1448,standard_aes_10,10,32427533,58006538,0.042584812423327116
Wednesday_2021-04-07_anonymized,11,1448,fixed_reduced_aes_4,4,12727369,20964685,0.1085000686439004
Wednesday_2021-04-07_anonymized,11,1448,adaptaes,10,32387393,58035262,0.04263759081060491
Wednesday_2021-04-07_anonymized,12,2896,standard_aes_10,10,64705147,115430584,0.04268347957408241
Wednesday_2021-04-07_anonymized,12,2896,fixed_reduced_aes_4,4,25397336,42212862,0.1087452959756291
Wednesday_2021-04-07_anonymized,12,2896,adaptaes,10,64995650,115218073,0.042492702516437636
Wednesday_2021-04-07_anonymized,13,163,standard_aes_10,10,3924051,6987407,0.03961439685014766
Wednesday_2021-04-07_anonymized,13,163,fixed_reduced_aes_4,4,1556766,2565860,0.09985374396294545
Wednesday_2021-04-07_anonymized,13,163,adaptaes,6,2642481,4739867,0.05882688033488936
Wednesday_2021-04-07_anonymized,14,2896,standard_aes_10,10,64687698,115491853,0.042694993108465536
Wednesday_2021-04-07_anonymized,14,2896,fixed_reduced_aes_4,4,25422763,43108885,0.10863653255598142
Wednesday_2021-04-07_anonymized,14,2896,adaptaes,10,64825639,115273946,0.04260414340555131
Wednesday_2021-04-07_anonymized,15,174,standard_aes_10,10,3931591,6910150,0.04220666164275162
Wednesday_2021-04-07_anonymized,15,174,fixed_reduced_aes_4,4,1527628,2539945,0.10862548411962042
Wednesday_2021-04-07_anonymized,15,174,adaptaes,6,2336529,4036455,0.07101958976528325
Wednesday_2021-04-07_anonymized,16,1448,standard_aes_10,10,32355301,57653310,0.04267988142518748
Wednesday_2021-04-07_anonymized,16,1448,fixed_reduced_aes_4,4,12642696,21030057,0.10922673535425118
Wednesday_2021-04-07_anonymized,16,1448,adaptaes,10,32891046,57757264,0.0419846912182802
Wednesday_2021-04-07_anonymized,17,1448,standard_aes_10,10,32352935,57768625,0.04268300264431187
Wednesday_2021-04-07_anonymized,17,1448,fixed_reduced_aes_4,4,12653689,21142275,0.10913184369840685
Wednesday_2021-04-07_anonymized,17,1448,adaptaes,10,32338139,57531657,0.04270253183574509
Wednesday_2021-04-07_anonymized,18,1448,standard_aes_10,10,32305813,57911513,0.042745261051199974
Wednesday_2021-04-07_anonymized,18,1448,fixed_reduced_aes_4,4,12709040,21089548,0.10865654763508889
Wednesday_2021-04-07_anonymized,18,1448,adaptaes,10,32251268,57946522,0.042817554030937635
Wednesday_2021-04-07_anonymized,19,1448,standard_aes_10,10,32249930,57510973,0.04281933046540721
Wednesday_2021-04-07_anonymized,19,1448,fixed_reduced_aes_4,4,13013175,21354802,0.1061171013343208
Wednesday_2021-04-07_anonymized,19,1448,adaptaes,10,32346452,57587772,0.04269155733544594
Wednesday_2021-04-07_anonymized,20,7140,standard_aes_10,10,159882766,282169908,0.042588921804996946
Wednesday_2021-04-07_anonymized,20,7140,fixed_reduced_aes_4,4,63212010,104224084,0.10772058378052882
Wednesday_2021-04-07_anonymized,20,7140,adaptaes,10,159393545,283725957,0.04271963848436036
Wednesday_2021-04-07_anonymized,21,1448,standard_aes_10,10,32376084,57579404,0.04265248416566531
Wednesday_2021-04-07_anonymized,21,1448,fixed_reduced_aes_4,4,12646406,21128775,0.10919469216441809
Wednesday_2021-04-07_anonymized,21,1448,adaptaes,10,32543596,57797117,0.04243293857741627
Wednesday_2021-04-07_anonymized,22,48,standard_aes_10,10,1436794,2525555,0.031860076801197665
Wednesday_2021-04-07_anonymized,22,48,fixed_reduced_aes_4,4,565566,919039,0.08093903662437275
Wednesday_2021-04-07_anonymized,22,48,adaptaes,4,568734,925324,0.08048818461266603
Wednesday_2021-04-07_anonymized,23,5792,standard_aes_10,10,128756223,230622989,0.04290030813209704
Wednesday_2021-04-07_anonymized,23,5792,fixed_reduced_aes_4,4,51551180,84014954,0.10714947049951136
Wednesday_2021-04-07_anonymized,23,5792,adaptaes,10,129688544,230475135,0.04259190110596816
Wednesday_2021-04-07_anonymized,24,1448,standard_aes_10,10,32690559,57493347,0.04224217793755836
Wednesday_2021-04-07_anonymized,24,1448,fixed_reduced_aes_4,4,12745003,21059185,0.10834994783102445
Wednesday_2021-04-07_anonymized,24,1448,adaptaes,10,32270566,57435004,0.04279194886622844
Wednesday_2021-04-07_anonymized,25,4284,standard_aes_10,10,95431582,169523458,0.042811202390885386
Wednesday_2021-04-07_anonymized,25,4284,fixed_reduced_aes_4,4,37763137,62081912,0.10818859597083724
Wednesday_2021-04-07_anonymized,25,4284,adaptaes,10,95330702,171157185,0.04285650567730399
Wednesday_2021-04-07_anonymized,26,457,standard_aes_10,10,10306795,18460924,0.04228561474227985
Wednesday_2021-04-07_anonymized,26,457,fixed_reduced_aes_4,4,4100210,6703309,0.10629435141069757
Wednesday_2021-04-07_anonymized,26,457,adaptaes,6,6124452,10639131,0.071162148482453
Wednesday_2021-04-07_anonymized,27,1448,standard_aes_10,10,32330734,58379129,0.04271231238227533
Wednesday_2021-04-07_anonymized,27,1448,fixed_reduced_aes_4,4,12703636,21079622,0.10870276904629902
Wednesday_2021-04-07_anonymized,27,1448,adaptaes,10,32368714,57764500,0.04266219566697182
Wednesday_2021-04-07_anonymized,28,2920,standard_aes_10,10,64896057,115360185,0.042910604012602035
Wednesday_2021-04-07_anonymized,28,2920,fixed_reduced_aes_4,4,25565795,42461216,0.10892401366381331
Wednesday_2021-04-07_anonymized,28,2920,adaptaes,10,65611157,115668414,0.04244291872350688
Wednesday_2021-04-07_anonymized,29,1460,standard_aes_10,10,32930437,58000830,0.04228199285521553
Wednesday_2021-04-07_anonymized,29,1460,fixed_reduced_aes_4,4,12871745,21402496,0.10817216328890333
Wednesday_2021-04-07_anonymized,29,1460,adaptaes,10,32720526,58409248,0.04255324324410693
Wednesday_2021-04-07_anonymized,30,35,standard_aes_10,10,1078596,1874243,0.03094634235081416
Wednesday_2021-04-07_anonymized,30,35,fixed_reduced_aes_4,4,424531,700413,0.07862464949372071
Wednesday_2021-04-07_anonymized,30,35,adaptaes,4,424171,701147,0.07869137935931204
Wednesday_2021-04-07_anonymized,31,300,standard_aes_10,10,6798443,12075293,0.042083502784663336
Wednesday_2021-04-07_anonymized,31,300,fixed_reduced_aes_4,4,2636505,4437981,0.10851574145388497
Wednesday_2021-04-07_anonymized,31,300,adaptaes,6,4026223,6936183,0.07105972394521491
Wednesday_2021-04-07_anonymized,32,80,standard_aes_10,10,2163640,3825191,0.03526184823376347
Wednesday_2021-04-07_anonymized,32,80,fixed_reduced_aes_4,4,844606,1389540,0.09033081142272255
Wednesday_2021-04-07_anonymized,32,80,adaptaes,4,850011,1385521,0.08975642116690255
Wednesday_2021-04-07_anonymized,33,348,standard_aes_10,10,7755456,13879072,0.042792926954827025
Wednesday_2021-04-07_anonymized,33,348,fixed_reduced_aes_4,4,3067053,5056201,0.10820767104754139
Wednesday_2021-04-07_anonymized,33,348,adaptaes,6,4656336,8010834,0.071274637850313
Wednesday_2021-04-07_anonymized,34,4284,standard_aes_10,10,95311198,168869239,0.0428652756151945
Wednesday_2021-04-07_anonymized,34,4284,fixed_reduced_aes_4,4,37626244,61996236,0.10858221116846993
Wednesday_2021-04-07_anonymized,34,4284,adaptaes,10,95389276,169220622,0.042830189543365184
Wednesday_2021-04-07_anonymized,35,48,standard_aes_10,10,1419423,2515850,0.032249982695433284
Wednesday_2021-04-07_anonymized,35,48,fixed_reduced_aes_4,4,565008,931859,0.08101897174464787
Wednesday_2021-04-07_anonymized,35,48,adaptaes,4,563456,935519,0.08124213281516214
Wednesday_2021-04-07_anonymized,36,1428,standard_aes_10,10,32390088,56765090,0.04204517517297653
Wednesday_2021-04-07_anonymized,36,1428,fixed_reduced_aes_4,4,12634998,20835993,0.10778370711480327
Wednesday_2021-04-07_anonymized,36,1428,adaptaes,10,32041058,58304517,0.042503182130506585
Wednesday_2021-04-07_anonymized,37,31,standard_aes_10,10,735969,1258098,0.04017003951062307
Wednesday_2021-04-07_anonymized,37,31,fixed_reduced_aes_4,4,285201,459305,0.103659888319444
Wednesday_2021-04-07_anonymized,37,31,adaptaes,4,281031,472571,0.1051980166194966
Wednesday_2021-04-07_anonymized,38,2920,standard_aes_10,10,65258776,115426985,0.04267209982464657
Wednesday_2021-04-07_anonymized,38,2920,fixed_reduced_aes_4,4,25503781,42384651,0.10918886905068115
Wednesday_2021-04-07_anonymized,38,2920,adaptaes,10,65566917,115620981,0.042471556256126086
Wednesday_2021-04-07_anonymized,39,1388,standard_aes_10,10,30946546,55164800,0.04277375417508226
Wednesday_2021-04-07_anonymized,39,1388,fixed_reduced_aes_4,4,12166586,20163282,0.10879797760619742
Wednesday_2021-04-07_anonymized,39,1388,adaptaes,10,30893421,55045161,0.04284730885491364
Wednesday_2021-04-07_anonymized,40,2896,standard_aes_10,10,64644791,115321973,0.042723331262877785
Wednesday_2021-04-07_anonymized,40,2896,fixed_reduced_aes_4,4,25366595,42438330,0.10887708107108976
Wednesday_2021-04-07_anonymized,40,2896,adaptaes,10,64858434,115012598,0.0425826010586765
Wednesday_2021-04-07_anonymized,41,2856,standard_aes_10,10,63785440,113081491,0.042700871039789805
Wednesday_2021-04-07_anonymized,41,2856,fixed_reduced_aes_4,4,24950656,41586901,0.1091632158952554
Wednesday_2021-04-07_anonymized,41,2856,adaptaes,10,63979635,113517545,0.04257126267844838
Wednesday_2021-04-07_anonymized,42,24,standard_aes_10,10,736013,1269853,0.03109752625802805
Wednesday_2021-04-07_anonymized,42,24,fixed_reduced_aes_4,4,284134,462516,0.08055418779079589
Wednesday_2021-04-07_anonymized,42,24,adaptaes,4,283054,463316,0.0808615444182029
Wednesday_2021-04-07_anonymized,43,1448,standard_aes_10,10,32345434,57461752,0.04269290095647658
Wednesday_2021-04-07_anonymized,43,1448,fixed_reduced_aes_4,4,12714407,21028484,0.10861068158005717
Wednesday_2021-04-07_anonymized,43,1448,adaptaes,10,32539554,57911952,0.04243820951437288
Wednesday_2021-04-07_anonymized,44,1428,standard_aes_10,10,31993083,56678333,0.042566917474884336
Wednesday_2021-04-07_anonymized,44,1428,fixed_reduced_aes_4,4,12925192,21032446,0.10536376742628852
Wednesday_2021-04-07_anonymized,44,1428,adaptaes,10,31946437,56882371,0.04262907077331112
Wednesday_2021-04-07_anonymized,45,1448,standard_aes_10,10,32410071,57352268,0.04260775640251606
Wednesday_2021-04-07_anonymized,45,1448,fixed_reduced_aes_4,4,12687383,21798889,0.10884202125499404
Wednesday_2021-04-07_anonymized,45,1448,adaptaes,10,32345185,57377490,0.04269322961535851
Wednesday_2021-04-07_anonymized,46,1448,standard_aes_10,10,32993846,57529846,0.041853878149163026
Wednesday_2021-04-07_anonymized,46,1448,fixed_reduced_aes_4,4,12713006,21109587,0.10862265070560416
Wednesday_2021-04-07_anonymized,46,1448,adaptaes,10,32615352,57322016,0.04233958321701541
Wednesday_2021-04-07_anonymized,47,31,standard_aes_10,10,712665,1299390,0.04148359160137477
Wednesday_2021-04-07_anonymized,47,31,fixed_reduced_aes_4,4,289882,475225,0.10198599364083921
Wednesday_2021-04-07_anonymized,47,31,adaptaes,4,285161,461007,0.10367442886156857
Wednesday_2021-04-07_anonymized,48,4284,standard_aes_10,10,95544190,179049325,0.042760745279062755
Wednesday_2021-04-07_anonymized,48,4284,fixed_reduced_aes_4,4,37995653,62697283,0.10752653129778755
Wednesday_2021-04-07_anonymized,48,4284,adaptaes,10,96785633,170474448,0.042212264825342155
Wednesday_2021-04-07_anonymized,49,2896,standard_aes_10,10,65402128,115118724,0.042228607917964074
Wednesday_2021-04-07_anonymized,49,2896,fixed_reduced_aes_4,4,25444679,42293844,0.10854296178436756
Wednesday_2021-04-07_anonymized,49,2896,adaptaes,10,64902572,115444034,0.04255364210084771
Wednesday_2021-04-07_anonymized,50,1448,standard_aes_10,10,32303535,58283803,0.04274827538708225
Wednesday_2021-04-07_anonymized,50,1448,fixed_reduced_aes_4,4,12856981,21342123,0.10740627291556626
Wednesday_2021-04-07_anonymized,50,1448,adaptaes,10,32847678,59236035,0.04204012259728831
